{
  "host": "desktop-p8hl98j",
  "timestamp": "2025-08-18T12:14:07Z",
  "mode": "report",
  "drift": {"services": [{"name": "WinRM", "want_start": "Auto", "want_state": "Running", "required": true, "exists": true, "start_mode": "Auto", "status": "Running", "start_drift": false, "state_drift": false}, {"name": "MpsSvc", "want_start": "Auto", "want_state": "Running", "required": true, "exists": true, "start_mode": "Auto", "status": "Running", "start_drift": false, "state_drift": false}, {"name": "WinDefend", "want_start": "Auto", "want_state": "Running", "required": true, "exists": true, "start_mode": "Auto", "status": "Running", "start_drift": false, "state_drift": false}, {"name": "EventLog", "want_start": "Auto", "want_state": "Running", "required": true, "exists": true, "start_mode": "Auto", "status": "Running", "start_drift": false, "state_drift": false}, {"name": "Dnscache", "want_start": "Auto", "want_state": "Running", "required": true, "exists": true, "start_mode": "Auto", "status": "Running", "start_drift": false, "state_drift": false}, {"name": "Dhcp", "want_start": "Auto", "want_state": "Running", "required": true, "exists": true, "start_mode": "Auto", "status": "Running", "start_drift": false, "state_drift": false}, {"name": "LanmanWorkstation", "want_start": "Auto", "want_state": "Running", "required": true, "exists": true, "start_mode": "Auto", "status": "Running", "start_drift": false, "state_drift": false}, {"name": "Schedule", "want_start": "Auto", "want_state": "Running", "required": true, "exists": true, "start_mode": "Auto", "status": "Running", "start_drift": false, "state_drift": false}, {"name": "W32Time", "want_start": "Auto", "want_state": "Running", "required": false, "exists": true, "start_mode": "Manual", "status": "Running", "start_drift": true, "state_drift": false}, {"name": "Spooler", "want_start": "Auto", "want_state": "Running", "required": false, "exists": true, "start_mode": "Auto", "status": "Running", "start_drift": false, "state_drift": false}], "firewall": {"profiles": [{"profile": "Domain", "want_enabled": false, "is_enabled": 1, "drift": true}, {"profile": "Private", "want_enabled": true, "is_enabled": 1, "drift": false}, {"profile": "Public", "want_enabled": false, "is_enabled": 1, "drift": true}], "any_drift": true}, "admins": {"enforce_pure": false, "missing": ["NT AUTHORITY\\SYSTEM", "BUILTIN\\Administrators"], "unexpected": ["DESKTOP-Q6T3GGT\\Administrator", "DESKTOP-Q6T3GGT\\ansible-admin", "DESKTOP-Q6T3GGT\\ITAdmin"]}, "registry": [{"path": "HKLM:\\SOFTWARE\\Microsoft\\Windows\\CurrentVersion\\Policies\\System", "name": "LocalAccountTokenFilterPolicy", "type": "dword", "want": 1, "exists": true, "current_type": "reg_dword", "current_value": 1, "drift": true}], "software": {"required_missing": ["7-Zip"], "banned_present": []}},
  "observed_summary": {
    "firewall_profiles": [{"Name": "Domain", "Enabled": 1}, {"Name": "Private", "Enabled": 1}, {"Name": "Public", "Enabled": 1}],
    "admins": ["DESKTOP-Q6T3GGT\\Administrator", "DESKTOP-Q6T3GGT\\ansible-admin", "DESKTOP-Q6T3GGT\\ITAdmin"],
    "services": [{"Status": "Running", "Name": "WinRM", "StartMode": "Auto", "Exists": true}, {"Status": "Running", "Name": "MpsSvc", "StartMode": "Auto", "Exists": true}, {"Status": "Running", "Name": "WinDefend", "StartMode": "Auto", "Exists": true}, {"Status": "Running", "Name": "EventLog", "StartMode": "Auto", "Exists": true}, {"Status": "Running", "Name": "Dnscache", "StartMode": "Auto", "Exists": true}, {"Status": "Running", "Name": "Dhcp", "StartMode": "Auto", "Exists": true}, {"Status": "Running", "Name": "LanmanWorkstation", "StartMode": "Auto", "Exists": true}, {"Status": "Running", "Name": "Schedule", "StartMode": "Auto", "Exists": true}, {"Status": "Running", "Name": "W32Time", "StartMode": "Manual", "Exists": true}, {"Status": "Running", "Name": "Spooler", "StartMode": "Auto", "Exists": true}]
  }
}
