{
  "host": "PF25NMYJ",
  "timestamp": "2025-08-18T10:48:07Z",
  "health": {"firewallAllEnabled": true, "bitlocker": {"MountPoint": "C:", "ProtectionStatus": {"Value": 0, "Type": "Microsoft.BitLocker.Structures.BitLockerVolumeProtectionStatus", "String": "Off"}}, "bitlockerProtectedAll": false, "uptimeSeconds": 13764, "lastBoot": "2025-08-18T12:28:27.5000000+05:30", "cpuAvg": 2, "pendingReboot": true, "memFreePct": 48.9, "uptimeHuman": "0d 3h 49m 24s", "disks": [{"Label": "", "FreeGB": 163.3, "DriveLetter": "C", "FreePct": 68.7, "SizeGB": 237.7}, {"Label": "ESD-ISO", "FreeGB": 0, "DriveLetter": "D", "FreePct": 0, "SizeGB": 5.1}], "firewall": [{"Name": "Domain", "Enabled": 1}, {"Name": "Private", "Enabled": 1}, {"Name": "Public", "Enabled": 1}], "defenderRTP": true},
  "services": [{"Exists": true, "Compliant": true, "Name": "WinRM", "Reason": "", "Status": "Running", "StartMode": "Auto", "Required": true}, {"Exists": true, "Compliant": true, "Name": "MpsSvc", "Reason": "", "Status": "Running", "StartMode": "Auto", "Required": true}, {"Exists": true, "Compliant": true, "Name": "WinDefend", "Reason": "", "Status": "Running", "StartMode": "Auto", "Required": true}, {"Exists": true, "Compliant": true, "Name": "EventLog", "Reason": "", "Status": "Running", "StartMode": "Auto", "Required": true}, {"Exists": true, "Compliant": true, "Name": "Dnscache", "Reason": "", "Status": "Running", "StartMode": "Auto", "Required": true}, {"Exists": true, "Compliant": true, "Name": "Dhcp", "Reason": "", "Status": "Running", "StartMode": "Auto", "Required": true}, {"Exists": true, "Compliant": true, "Name": "LanmanWorkstation", "Reason": "", "Status": "Running", "StartMode": "Auto", "Required": true}, {"Exists": true, "Compliant": true, "Name": "Schedule", "Reason": "", "Status": "Running", "StartMode": "Auto", "Required": true}, {"Exists": true, "Compliant": true, "Name": "wscsvc", "Reason": "", "Status": "Running", "StartMode": "Auto", "Required": false}, {"Exists": true, "Compliant": false, "Name": "W32Time", "Reason": "start=Manual", "Status": "Running", "StartMode": "Manual", "Required": false}, {"Exists": true, "Compliant": true, "Name": "Spooler", "Reason": "", "Status": "Running", "StartMode": "Auto", "Required": true}],
  "alerts": ["Pending reboot", "Low disk free on drive \\1Low disk free on drive \\1"],
  "service_criticals": [],
  "service_warnings": [{"Exists": true, "Compliant": false, "Name": "W32Time", "Reason": "start=Manual", "Status": "Running", "StartMode": "Manual", "Required": false}]
}
